Workbook

Sheet Mundial
A1: PARTIDOS | E1: Chalo | H1: Ezequiel | K1: Jorge Guerrero | N1: Ari Jimenez | Q1: Bruno | T1: Héctor Hdz | W1: Sebas | Z1: Manuel Hdz | AC1: Jesús Daniel | AF1: Juan Sanchez
A2: Local | B2: Resultado | C2: Visita | E2: Resultado | F2: Puntos | H2: Resultado | I2: Puntos | K2: Resultado | L2: Puntos | N2: Resultado | O2: Puntos | Q2: Resultado | R2: Puntos | T2: Resultado | U2: Puntos | W2: Resultado | X2: Puntos | Z2: Resultado | AA2: Puntos | AC2: Resultado | AD2: Puntos | AF2: Resultado | AG2: Puntos | XFD2: L
A3: MÉXICO | B3: L | C3: SUDÁFRICA | E3: L | F3: =IF($B3=E3,1,0) | H3: L | I3: =IF($B3=H3,1,0) | K3: L | L3: =IF($B3=K3,1,0) | N3: L | O3: =IF($B3=N3,1,0) | Q3: L | R3: =IF($B3=Q3,1,0) | T3: L | U3: =IF($B3=T3,1,0) | W3: L | X3: =IF($B3=W3,1,0) | Z3: L | AA3: =IF($B3=Z3,1,0) | AC3: L | AD3: =IF($B3=AC3,1,0) | AF3: L | AG3: =IF($B3=AF3,1,0) | AI3: =AND(E3=H3,H3=K3,K3=N3,N3=Q3,Q3=T3,T3=W3,W3=Z3,Z3=AC3,AC3=AF3) | AK3: =COUNTIF(AI:AI,"verdadero") | XFD3: E
A4: COREA del SUR | B4: L | C4: REP. CHECA | E4: V | F4: =IF($B4=E4,1,0) | H4: E | I4: =IF($B4=H4,1,0) | K4: E | L4: =IF($B4=K4,1,0) | N4: L | O4: =IF($B4=N4,1,0) | Q4: E | R4: =IF($B4=Q4,1,0) | T4: L | U4: =IF($B4=T4,1,0) | W4: L | X4: =IF($B4=W4,1,0) | Z4: E | AA4: =IF($B4=Z4,1,0) | AC4: L | AD4: =IF($B4=AC4,1,0) | AF4: E | AG4: =IF($B4=AF4,1,0) | AI4: =AND(E4=H4,H4=K4,K4=N4,N4=Q4,Q4=T4,T4=W4,W4=Z4,Z4=AC4,AC4=AF4) | XFD4: V
A5: CANADÁ | B5: E | C5: BOSNIA Y HERZEG. | E5: L | F5: =IF($B5=E5,1,0) | H5: L | I5: =IF($B5=H5,1,0) | K5: L | L5: =IF($B5=K5,1,0) | N5: L | O5: =IF($B5=N5,1,0) | Q5: L | R5: =IF($B5=Q5,1,0) | T5: L | U5: =IF($B5=T5,1,0) | W5: L | X5: =IF($B5=W5,1,0) | Z5: L | AA5: =IF($B5=Z5,1,0) | AC5: L | AD5: =IF($B5=AC5,1,0) | AF5: E | AG5: =IF($B5=AF5,1,0) | AI5: =AND(E5=H5,H5=K5,K5=N5,N5=Q5,Q5=T5,T5=W5,W5=Z5,Z5=AC5,AC5=AF5) | XFD5: -
A6: ESTADOS UNIDOS | B6: L | C6: PARAGUAY | E6: L | F6: =IF($B6=E6,1,0) | H6: L | I6: =IF($B6=H6,1,0) | K6: L | L6: =IF($B6=K6,1,0) | N6: L | O6: =IF($B6=N6,1,0) | Q6: L | R6: =IF($B6=Q6,1,0) | T6: L | U6: =IF($B6=T6,1,0) | W6: E | X6: =IF($B6=W6,1,0) | Z6: L | AA6: =IF($B6=Z6,1,0) | AC6: E | AD6: =IF($B6=AC6,1,0) | AF6: L | AG6: =IF($B6=AF6,1,0) | AI6: =AND(E6=H6,H6=K6,K6=N6,N6=Q6,Q6=T6,T6=W6,W6=Z6,Z6=AC6,AC6=AF6)
A7: CATAR | B7: E | C7: SUIZA | E7: V | F7: =IF($B7=E7,1,0) | H7: V | I7: =IF($B7=H7,1,0) | K7: V | L7: =IF($B7=K7,1,0) | N7: V | O7: =IF($B7=N7,1,0) | Q7: V | R7: =IF($B7=Q7,1,0) | T7: V | U7: =IF($B7=T7,1,0) | W7: V | X7: =IF($B7=W7,1,0) | Z7: V | AA7: =IF($B7=Z7,1,0) | AC7: V | AD7: =IF($B7=AC7,1,0) | AF7: V | AG7: =IF($B7=AF7,1,0) | AI7: =AND(E7=H7,H7=K7,K7=N7,N7=Q7,Q7=T7,T7=W7,W7=Z7,Z7=AC7,AC7=AF7)
A8: BRASIL | B8: E | C8: MARRUECOS | E8: L | F8: =IF($B8=E8,1,0) | H8: L | I8: =IF($B8=H8,1,0) | K8: L | L8: =IF($B8=K8,1,0) | N8: E | O8: =IF($B8=N8,1,0) | Q8: L | R8: =IF($B8=Q8,1,0) | T8: L | U8: =IF($B8=T8,1,0) | W8: L | X8: =IF($B8=W8,1,0) | Z8: L | AA8: =IF($B8=Z8,1,0) | AC8: E | AD8: =IF($B8=AC8,1,0) | AF8: L | AG8: =IF($B8=AF8,1,0) | AI8: =AND(E8=H8,H8=K8,K8=N8,N8=Q8,Q8=T8,T8=W8,W8=Z8,Z8=AC8,AC8=AF8)
A9: HAITÍ | B9: V | C9: ESCOCIA | E9: V | F9: =IF($B9=E9,1,0) | H9: V | I9: =IF($B9=H9,1,0) | K9: V | L9: =IF($B9=K9,1,0) | N9: V | O9: =IF($B9=N9,1,0) | Q9: V | R9: =IF($B9=Q9,1,0) | T9: V | U9: =IF($B9=T9,1,0) | W9: V | X9: =IF($B9=W9,1,0) | Z9: E | AA9: =IF($B9=Z9,1,0) | AC9: V | AD9: =IF($B9=AC9,1,0) | AF9: V | AG9: =IF($B9=AF9,1,0) | AI9: =AND(E9=H9,H9=K9,K9=N9,N9=Q9,Q9=T9,T9=W9,W9=Z9,Z9=AC9,AC9=AF9)
A10: AUSTRALIA | B10: L | C10: TURQUÍA | E10: V | F10: =IF($B10=E10,1,0) | H10: E | I10: =IF($B10=H10,1,0) | K10: V | L10: =IF($B10=K10,1,0) | N10: V | O10: =IF($B10=N10,1,0) | Q10: V | R10: =IF($B10=Q10,1,0) | T10: V | U10: =IF($B10=T10,1,0) | W10: V | X10: =IF($B10=W10,1,0) | Z10: V | AA10: =IF($B10=Z10,1,0) | AC10: E | AD10: =IF($B10=AC10,1,0) | AF10: V | AG10: =IF($B10=AF10,1,0) | AI10: =AND(E10=H10,H10=K10,K10=N10,N10=Q10,Q10=T10,T10=W10,W10=Z10,Z10=AC10,AC10=AF10)
A11: ALEMANIA | B11: L | C11: CURAZAO | E11: L | F11: =IF($B11=E11,1,0) | H11: L | I11: =IF($B11=H11,1,0) | K11: L | L11: =IF($B11=K11,1,0) | N11: L | O11: =IF($B11=N11,1,0) | Q11: L | R11: =IF($B11=Q11,1,0) | T11: L | U11: =IF($B11=T11,1,0) | W11: L | X11: =IF($B11=W11,1,0) | Z11: L | AA11: =IF($B11=Z11,1,0) | AC11: L | AD11: =IF($B11=AC11,1,0) | AF11: L | AG11: =IF($B11=AF11,1,0) | AI11: =AND(E11=H11,H11=K11,K11=N11,N11=Q11,Q11=T11,T11=W11,W11=Z11,Z11=AC11,AC11=AF11)
A12: PAÍSES BAJOS | B12: E | C12: JAPÓN | E12: E | F12: =IF($B12=E12,1,0) | H12: L | I12: =IF($B12=H12,1,0) | K12: L | L12: =IF($B12=K12,1,0) | N12: L | O12: =IF($B12=N12,1,0) | Q12: L | R12: =IF($B12=Q12,1,0) | T12: L | U12: =IF($B12=T12,1,0) | W12: E | X12: =IF($B12=W12,1,0) | Z12: L | AA12: =IF($B12=Z12,1,0) | AC12: V | AD12: =IF($B12=AC12,1,0) | AF12: E | AG12: =IF($B12=AF12,1,0) | AI12: =AND(E12=H12,H12=K12,K12=N12,N12=Q12,Q12=T12,T12=W12,W12=Z12,Z12=AC12,AC12=AF12)
A13: COSTA de MARFIL | B13: L | C13: ECUADOR | E13: L | F13: =IF($B13=E13,1,0) | H13: V | I13: =IF($B13=H13,1,0) | K13: E | L13: =IF($B13=K13,1,0) | N13: V | O13: =IF($B13=N13,1,0) | Q13: E | R13: =IF($B13=Q13,1,0) | T13: V | U13: =IF($B13=T13,1,0) | W13: E | X13: =IF($B13=W13,1,0) | Z13: L | AA13: =IF($B13=Z13,1,0) | AC13: L | AD13: =IF($B13=AC13,1,0) | AF13: V | AG13: =IF($B13=AF13,1,0) | AI13: =AND(E13=H13,H13=K13,K13=N13,N13=Q13,Q13=T13,T13=W13,W13=Z13,Z13=AC13,AC13=AF13)
A14: SUECIA | B14: L | C14: TÚNEZ | E14: L | F14: =IF($B14=E14,1,0) | H14: L | I14: =IF($B14=H14,1,0) | K14: L | L14: =IF($B14=K14,1,0) | N14: E | O14: =IF($B14=N14,1,0) | Q14: L | R14: =IF($B14=Q14,1,0) | T14: L | U14: =IF($B14=T14,1,0) | W14: L | X14: =IF($B14=W14,1,0) | Z14: E | AA14: =IF($B14=Z14,1,0) | AC14: L | AD14: =IF($B14=AC14,1,0) | AF14: L | AG14: =IF($B14=AF14,1,0) | AI14: =AND(E14=H14,H14=K14,K14=N14,N14=Q14,Q14=T14,T14=W14,W14=Z14,Z14=AC14,AC14=AF14)
A15: ESPAÑA | B15: E | C15: CABO VERDE | E15: L | F15: =IF($B15=E15,1,0) | H15: L | I15: =IF($B15=H15,1,0) | K15: L | L15: =IF($B15=K15,1,0) | N15: L | O15: =IF($B15=N15,1,0) | Q15: L | R15: =IF($B15=Q15,1,0) | T15: L | U15: =IF($B15=T15,1,0) | W15: L | X15: =IF($B15=W15,1,0) | Z15: L | AA15: =IF($B15=Z15,1,0) | AC15: L | AD15: =IF($B15=AC15,1,0) | AF15: L | AG15: =IF($B15=AF15,1,0) | AI15: =AND(E15=H15,H15=K15,K15=N15,N15=Q15,Q15=T15,T15=W15,W15=Z15,Z15=AC15,AC15=AF15)
A16: BÉLGICA | B16: E | C16: EGIPTO | E16: L | F16: =IF($B16=E16,1,0) | H16: V | I16: =IF($B16=H16,1,0) | K16: L | L16: =IF($B16=K16,1,0) | N16: E | O16: =IF($B16=N16,1,0) | Q16: L | R16: =IF($B16=Q16,1,0) | T16: L | U16: =IF($B16=T16,1,0) | W16: L | X16: =IF($B16=W16,1,0) | Z16: L | AA16: =IF($B16=Z16,1,0) | AC16: L | AD16: =IF($B16=AC16,1,0) | AF16: L | AG16: =IF($B16=AF16,1,0) | AI16: =AND(E16=H16,H16=K16,K16=N16,N16=Q16,Q16=T16,T16=W16,W16=Z16,Z16=AC16,AC16=AF16)
A17: ARABIA SAUDITA | B17: E | C17: URUGUAY | E17: V | F17: =IF($B17=E17,1,0) | H17: V | I17: =IF($B17=H17,1,0) | K17: V | L17: =IF($B17=K17,1,0) | N17: V | O17: =IF($B17=N17,1,0) | Q17: V | R17: =IF($B17=Q17,1,0) | T17: V | U17: =IF($B17=T17,1,0) | W17: V | X17: =IF($B17=W17,1,0) | Z17: V | AA17: =IF($B17=Z17,1,0) | AC17: V | AD17: =IF($B17=AC17,1,0) | AF17: V | AG17: =IF($B17=AF17,1,0) | AI17: =AND(E17=H17,H17=K17,K17=N17,N17=Q17,Q17=T17,T17=W17,W17=Z17,Z17=AC17,AC17=AF17)
... A74: JORDANIA | B74: V | C74: ARGENTINA | E74: V | F74: =IF($B74=E74,1,0) | H74: V | I74: =IF($B74=H74,1,0) | K74: V | L74: =IF($B74=K74,1,0) | N74: V | O74: =IF($B74=N74,1,0) | Q74: V | R74: =IF($B74=Q74,1,0) | T74: V | U74: =IF($B74=T74,1,0) | W74: V | X74: =IF($B74=W74,1,0) | Z74: V | AA74: =IF($B74=Z74,1,0) | AC74: V | AD74: =IF($B74=AC74,1,0) | AF74: V | AG74: =IF($B74=AF74,1,0) | AI74: =AND(E74=H74,H74=K74,K74=N74,N74=Q74,Q74=T74,T74=W74,W74=Z74,Z74=AC74,AC74=AF74)
F76: =SUM(F3:F74) | I76: =SUM(I3:I74) | L76: =SUM(L3:L74) | O76: =SUM(O3:O74) | R76: =SUM(R3:R74) | U76: =SUM(U3:U74) | X76: =SUM(X3:X74) | AA76: =SUM(AA3:AA74) | AD76: =SUM(AD3:AD74) | AG76: =SUM(AG3:AG74)

Sheet Tabla General
A1: Nombre | B1: Puntos
A2: Chalo | B2: =Mundial!F76
A3: Ezequiel | B3: =Mundial!I76
A4: Jorge Guerrero | B4: =Mundial!L76
A5: Ari Jimenez | B5: =Mundial!O76
A6: Bruno | B6: =Mundial!R76
A7: Héctor Hdz | B7: =Mundial!U76
A8: Sebas | B8: =Mundial!X76
A9: Manuel Hdz | B9: =Mundial!AA76
A10: Jesús Daniel | B10: =Mundial!AD76
A11: Juan Sanchez | B11: =Mundial!AG76
